{
  "model_type": "Ridge",
  "target": "points",
  "alpha": 1.0,
  "mae": 2.4949098495765436,
  "rmse": 3.1808921748457766,
  "r2": 0.6290401828524356,
  "trained_at": "2026-02-05T15:26:03.857462",
  "n_train": 800,
  "n_test": 200
}